檔名,欄位名稱,類型,定義,空值率,唯一,PII,非空列數,總筆數,更新日期,備註(資料狀況),正常值,異常值(、分隔) 不計入空白值,,符號意義,第 1 欄,,,,,,,,,,,,,,檔案,負責人,狀態
candidate,備註,TEXT,顧問記錄備註的次數,0.00%,FALSE,~,4388,4388,2026/7/9,該用戶聯繫並紀錄備註的次數,2,N,,N,沒問題,,,,,,,,,,,,,,,,進行中
candidate,姓名,TEXT,衍伸欄位；由中英文名組合,0.00%,FALSE,Direct,4388,4388,2026/7/9,"f""{中文名} {英文名}""；當中英都 null，系統自動填入 Noname",蔣萬安 WangAn Chang,- Hsuanwen CHEN、＊小姐,,~,不確定,,,,,,,,,,,,,,,,進行中
candidate,公司,TEXT,候選人當前公司,3.87%,FALSE,Linkable,4218,4388,2026/7/9,英、中、別名、地區,樂崎餐飲有限公司,公司名暫不公開、© 2026 Softlogic Ink、Ｒａｋｕｔｅｎ　Ｇｒｏｕｐ，　Ｉｎｃ．、1) CMI (Thailand) Co.Ltd,,,,,,,,,,,,,,,,,,,進行中
candidate,職位,TEXT,候選人當前職位,3.49%,FALSE,Linkable,4235,4388,2026/7/9,英、中、簡稱、地區,財務經理,人資經理(HRBP、【管理部兼任資材部】經理、商业化负责人（汽水音乐）,,其他紀錄,,,,,,,,,,,,,,,,,進行中
candidate,地區,TEXT,,31.97%,FALSE,Linkable,2985,4388,2026/7/9,"中；多地區以 ',' 分隔","台北市,台灣",N,,3417列有錯位，不計入異常值，但仍有被記錄至空值率那些的,,,,,,,,,,,,,,,,,進行中
candidate,狀態,ENUM,候選人當前求職狀態,86.85%,FALSE,N,577,4388,2026/7/9,成功Offer、考慮機會、現狀穩定、積極求職,積極求職,N,,"3416, 3417 是同一實體需處理",,,,,,,,,,,,,,,,,進行中
candidate,擁有者,TEXT,,0.05%,FALSE,N,4386,4388,2026/7/9,共8名，含 intern,intern,N,,職位、行業、職能定義上有點重複的感覺,,,,,,,,,,,,,,,,,
candidate,最近聯繫,TIME,yyyy-mm-dd hh:mm,0.02%,FALSE,N,4387,4388,2026/7/9,yyyy-mm-dd hh:mm,2925-10-21 14:44,N,,行業似乎是來自某個行業的 table 去定義，算Enum，但在某些欄位變成多值ENum,,,,,,,,,,,,,,,,,
candidate,最近備註者,User,最後一次備註的顧問,50.46%,FALSE,N,2174,4388,2026/7/9,共8名，含 intern,Ryan,N,,yyyy-mm-dd hh:mm,,,,,,,,,,,,,,,,,
candidate,類型,ENUM,候選人/聯繫人/Cold Call,0.02%,FALSE,N,4387,4388,2026/7/9,候選人(人才)、聯繫人(客戶)、Cold Call,候選人,Cold Call,,專業是類似當事人學系等,,,,,,,,,,,,,,,,,
candidate,最近操作,TIME,yyyy-mm-dd hh:mm,0.05%,FALSE,N,4386,4388,2026/7/9,yyyy-mm-dd hh:mm,2025-12-02 14:08,N,,,,,,,,,,,,,,,,,,,
candidate,附件,INT,衍伸欄位；簡歷的數量,0.05%,FALSE,~,4386,4388,2026/7/9,"簡歷的數量；count(data.split("",""))",~,~,,,,,,,,,,,,,,,,,,,
candidate,社交主頁,,,100.00%,FALSE,~,0,4388,2026/7/9,N,N,N,,,,,,,,,,,,,,,,,,,
candidate,備註內容,TEXT,最後一次備註的內容,51.32%,FALSE,Direct,2136,4388,2026/7/9,舊系統最後一次的備註，含有敏感資訊,哇是市長,~,,,,,,,,,,,,,,,,,,,
candidate,年薪,INT,候選人當前年薪,98.59%,FALSE,Direct,62,4388,2026/7/9,浮點數 (尾數都是.0可直接轉 int),10000.0,0.0、8500000000.0,,,,,,,,,,,,,,,,,,,
candidate,工作年限,TEXT,工作經驗時長,0.05%,FALSE,Linkable,4386,4388,2026/7/9,d年、d月、d年d月,11年2月,N,,,,,,,,,,,,,,,,,,,
candidate,電話,TEXT,,43.41%,TRUE,Direct,2483,4388,2026/7/9,整數,0953076969,003、00000000、0065-91503506,,,,,,,,,,,,,,,,,,,
candidate,郵箱,TEXT,,34.50%,TRUE,Direct,2874,4388,2026/7/9,原始email無重複,a3869093@gmail.com,maggie.@gmail.com、gmail.omc,,,,,,,,,,,,,,,,,,,
candidate,標簽,,,100.00%,FALSE,~,0,4388,2026/7/9,N,N,N,,,,,,,,,,,,,,,,,,,
candidate,行業,ENUM,Gulle 選單選取 (多值),48.88%,FALSE,,2243,4388,2026/7/9,"多種行業類別組成的多值；以 ',' '\n' 分隔",~,~,,,,,,,,,,,,,,,,,,,
candidate,職能,ENUM,Gulle 選單選取 (多值),49.64%,FALSE,,2210,4388,2026/7/9,"多種職能類別組成的多值；以 ',' '\n' 分隔",~,~,,,,,,,,,,,,,,,,,,,
candidate,意圖地區,TEXT,候選人希望上班的地區,59.59%,FALSE,,1773,4388,2026/7/9,"中文；以 ',' 分隔","歐洲,大洋洲",N,,,,,,,,,,,,,,,,,,,
candidate,學校,TEXT,,12.78%,FALSE,,3827,4388,2026/7/9,中文、英文；少數含有特殊符號,瑞士蒙特勒旅館管理學院Hotel lnstitute Montreux(瑞士),~,,,,,,,,,,,,,,,,,,,
candidate,學歷,TEXT,,15.59%,FALSE,,3704,4388,2026/7/9,"中文；有16筆為""High school or below""",碩士,High school or below,,,,,,,,,,,,,,,,,,,
candidate,專業,TEXT,候選人科系或職業專長,19.42%,FALSE,,3536,4388,2026/7/9,當事人學術專業；XXX系 XXX所,~,~,,,,,,,,,,,,,,,,,,,
candidate,添加人,User,添加資料至系統的顧問,0.02%,FALSE,,4387,4388,2026/7/9,共8名，含 intern,Ryan,N,,,,,,,,,,,,,,,,,,,
candidate,添加日期,TIME,yyyy-mm-dd hh:mm,0.05%,FALSE,,4386,4388,2026/7/9,yyyy-mm-dd hh:mm,2025-10-08 13:26,N,,,,,,,,,,,,,,,,,,,
candidate,簡歷,INT,簡歷ID (多值),6.61%,TRUE,~,4098,4388,2026/7/9,"int多值；以 ',' 分隔","1107,1327",N,,,,,,,,,,,,,,,,,,,
candidate,中文名,TEXT,,36.14%,FALSE,Direct,2802,4388,2026/7/9,多數有符號英文、不相關資訊,蔣萬安,林治憲 (mimi)、朱、＊小姐、白筱榆臺北文創開發(股)公司(台灣大集團)｜主任管理師國立成功大學｜會計系 大學畢業,,,,,,,,,,,,,,,,,,,
candidate,手機區號,TEXT,,91.55%,FALSE,,371,4388,2026/7/9,~,~,~,,,,,,,,,,,,,,,,,,,
candidate,生日,TIME,yyyy-mm-dd,44.26%,FALSE,Y,2446,4388,2026/7/9,yyyy-mm-dd,2093-02-29,N,,,,,,,,,,,,,,,,,,,
candidate,英文名,TEXT,,34.85%,FALSE,Direct,2859,4388,2026/7/9,多數有符號英文、不相關資訊,WangAn Chang,"Kyle C.、KUO,CHIA-HSIN、#104、Kuei Chin Yeh ( Shiva )",,,,,,,,,,,,,,,,,,,
candidate,薪資結構,TEXT,候選人的薪資組成,86.44%,FALSE,Y,595,4388,2026/7/9,多數有符號英文,~,"12個月、25k · 13薪、1,300,000/ TWD、2017 w、310k USD/year、1,505,000 CANDIDATE SUMMARY Experienced in International Beauty Industry with almost 8 years.Familiar with retail omnichannel business and possess with communication, presentation, teamwork and market analysis skills.Have completed abil",,,,,,,,,,,,,,,,,,,
candidate,期望薪資,TEXT,目前為備註,54.24%,FALSE,Y,2008,4388,2026/7/9,多數有符號英文、不相關資訊,"面議、月薪 40,000元以上",100-200k×12薪、Negotiable、190+、mop 20000,,,,,,,,,,,,,,,,,,,
candidate,期望公司,,,100.00%,FALSE,,0,4388,2026/7/9,N,N,N,,,,,,,,,,,,,,,,,,,
candidate,工作性質,,,100.00%,FALSE,,0,4388,2026/7/9,N,N,N,,,,,,,,,,,,,,,,,,,
candidate,離職周期,,,100.00%,FALSE,,0,4388,2026/7/9,N,N,N,,,,,,,,,,,,,,,,,,,
candidate,地址,TEXT,,95.99%,FALSE,Y,176,4388,2026/7/9,共 176 筆非空資料，含'雜亂資訊或英文地址,108台北市萬華區長沙街,"3F, No、VISA新北市",,,,,,,,,,,,,,,,,,,
candidate,推薦人,,,100.00%,FALSE,,0,4388,2026/7/9,N,N,N,,,,,,,,,,,,,,,,,,,
client,公司名稱,TEXT,,0.00%,FALSE,,196,196,2026/7/9,格式不統一,,,,,,,,,,,,,,,,,,,,,
client,城市,TEXT,國家、台灣縣市 (多值),72.96%,FALSE,,53,196,2026/7/9,"中；以 ',' 分隔(多值)",,,,,,,,,,,,,,,,,,,,,
client,行業,ENUM,Gulle 選單選取 (多值),67.86%,FALSE,,63,196,2026/7/9,"中英但部分僅有中；以 ',' 分隔(多值)",,,,,,,,,,,,,,,,,,,,,
client,在職,INT,,0.00%,FALSE,,196,196,2026/7/9,~ 追蹤中仍在職,,,,,,,,,,,,,,,,,,,,,
client,離職,INT,,0.00%,FALSE,,196,196,2026/7/9,~ 追蹤中但離值?,,,,,,,,,,,,,,,,,,,,,
client,所有職缺,INT,,0.00%,FALSE,,196,196,2026/7/9,~ 目前職缺數?,,,,,,,,,,,,,,,,,,,,,
client,類型,ENUM,"公司的類型。無BD且為普通公司，為顧問當時""留個紀錄""的行為",0.00%,FALSE,,196,196,2026/7/9,已簽約客戶、普通公司、開發中客戶,,,,,,,,,,,,,,,,,,,,,
client,BD,TEXT,負責開發客戶的行為人,9.69%,FALSE,,177,196,2026/7/9,~,,,,,,,,,,,,,,,,,,,,,
client,簡稱,TEXT,公司簡稱,77.04%,FALSE,,45,196,2026/7/9,客戶簡稱,,,,,,,,,,,,,,,,,,,,,
client,性質,ENUM,外企辦事處、外商獨資、民營企業、國有企業,91.33%,FALSE,,17,196,2026/7/9,好像不算Enum? 外企辦事處、外商獨資、民營企業、國有企業,,,,,,,,,,,,,,,,,,,,,
client,規模,TEXT,公司人數,93.37%,FALSE,,13,196,2026/7/9,xx~xx人、少於10人,,,,,,,,,,,,,,,,,,,,,
client,融資階段,TEXT,丟備註,98.47%,FALSE,,3,196,2026/7/9,~ 好像不算Enum?  尚未獲投、A輪,,,,,,,,,,,,,,,,,,,,,
client,最近編輯,TIME,yyyy-mm-dd hh:mm,0.00%,FALSE,,196,196,2026/7/9,yyyy-mm-dd hh:mm,,,,,,,,,,,,,,,,,,,,,
client,添加人,User,添加資料至系統的顧問,0.00%,FALSE,,196,196,2026/7/9,~,,,,,,,,,,,,,,,,,,,,,
client,添加日期,TIME,yyyy-mm-dd hh:mm,0.00%,FALSE,,196,196,2026/7/9,yyyy-mm-dd hh:mm,,,,,,,,,,,,,,,,,,,,,
invoice,ID,,,0.00%,FALSE,,20,20,2026/7/9,有ID欸！好欸！,,,,,,,,,,,,,,,,,,,,,
invoice,發票狀態,,,0.00%,FALSE,,20,20,2026/7/9,未通知開票、待財務開票,,,,,,,,,,,,,,,,,,,,,
invoice,客戶名稱,,,0.00%,FALSE,,20,20,2026/7/9,,,,,,,,,,,,,,,,,,,,,,
invoice,職缺名稱,,,0.00%,FALSE,,20,20,2026/7/9,~,,,,,,,,,,,,,,,,,,,,,
invoice,候選人,,,0.00%,FALSE,,20,20,2026/7/9,英、中,,,,,,,,,,,,,,,,,,,,,
invoice,開票類型 ,,,90.00%,FALSE,,2,20,2026/7/9,增值稅專用發票、(空白),,,,,,,,,,,,,,,,,,,,,
invoice,發票金額 ,INT,,0.00%,FALSE,,20,20,2026/7/9,$$,,,,,,,,,,,,,,,,,,,,,
invoice,發票跟進人,TEXT(user.name),,0.00%,FALSE,,20,20,2026/7/9,,,,,,,,,,,,,,,,,,,,,,
invoice,添加日期,,,0.00%,FALSE,,20,20,2026/7/9,yyyy-mm-dd hh:mm,,,,,,,,,,,,,,,,,,,,,
invoice,寄出日期,,,100.00%,FALSE,,0,20,2026/7/9,N,,,,,,,,,,,,,,,,,,,,,
invoice,預計到款日期,,,90.00%,FALSE,,2,20,2026/7/9,yyyy-mm-dd,,,,,,,,,,,,,,,,,,,,,
invoice,到款日期,,,100.00%,FALSE,,0,20,2026/7/9,N,,,,,,,,,,,,,,,,,,,,,
invoice,發票金額 設置功能 自動 +5%稅 = 稅後金額開給客戶 ,,,100.00%,FALSE,,0,20,2026/7/9,N,,,,,,,,,,,,,,,,,,,,,
joborder,職缺名稱,TEXT,,0.00%,FALSE,,248,248,2026/7/9,~,,,,,,,,,,,,,,,,,,,,,
joborder,客戶,FKey,client.客戶,0.00%,FALSE,,248,248,2026/7/9,,,,,,,,,,,,,,,,,,,,,,
joborder,添加者,TEXT,添加資料至系統的顧問,0.00%,FALSE,,248,248,2026/7/9,,,,,,,,,,,,,,,,,,,,,,
joborder,最新進展,ENUM,"Bravier Pipeline (II, CI, ...)",18.95%,FALSE,,201,248,2026/7/9,CLIENT INTERVIEW、CV SENT、INVOICE、LONGLIST、OB、OFFER、Offer反饋通過、PF,,,,,,,,,,,,,,,,,,,,,
joborder,加入職缺,INT,將候選人資料加入近來,0.00%,FALSE,,248,248,2026/7/9,~,,,,,,,,,,,,,,,,,,,,,
joborder,簡歷推薦,INT,,0.00%,FALSE,,248,248,2026/7/9,~,,,,,,,,,,,,,,,,,,,,,
joborder,客戶面試,INT,,0.00%,FALSE,,248,248,2026/7/9,~,,,,,,,,,,,,,,,,,,,,,
joborder,最近操作,TIME,,0.00%,FALSE,,248,248,2026/7/9,yyyy-mm-dd hh:mm,,,,,,,,,,,,,,,,,,,,,
joborder,備註,INT,,0.00%,FALSE,,248,248,2026/7/9,都是 0,,,,,,,,,,,,,,,,,,,,,
joborder,工作地點,TEXT,職缺就業地點,0.00%,FALSE,,248,248,2026/7/9,"中；以 ',' 分隔",,,,,,,,,,,,,,,,,,,,,
joborder,Offer,INT,,0.00%,FALSE,,248,248,2026/7/9,~,,,,,,,,,,,,,,,,,,,,,
joborder,優先級,ENUM,,94.35%,FALSE,,14,248,2026/7/9,低、高、普通,,,,,,,,,,,,,,,,,,,,,
joborder,狀態,ENUM,order 的執行狀態,0.00%,FALSE,,248,248,2026/7/9,已取消、失敗的、成功的、進展中、暫停的,,,,,,,,,,,,,,,,,,,,,
joborder,職缺參與者,TEXT,Client Owner 為 Client.BD，其他為參與者,0.00%,FALSE,,248,248,2026/7/9,Client Owner、主要顧問、顧問,,,,,,,,,,,,,,,,,,,,,
joborder,聯繫人,FKey,candidate.聯繫人,0.00%,FALSE,,248,248,2026/7/9,~ 應該是 candidate.類型的聯繫人,,,,,,,,,,,,,,,,,,,,,
joborder,招聘數量,INT,,0.00%,FALSE,,248,248,2026/7/9,~,,,,,,,,,,,,,,,,,,,,,
joborder,簡歷總數,INT,,0.00%,FALSE,,248,248,2026/7/9,~,,,,,,,,,,,,,,,,,,,,,
joborder,入職,INT,,0.00%,FALSE,,248,248,2026/7/9,~,,,,,,,,,,,,,,,,,,,,,
joborder,淘汰,INT,,0.00%,FALSE,,248,248,2026/7/9,~,,,,,,,,,,,,,,,,,,,,,
joborder,年薪,TEXT,,83.06%,FALSE,,42,248,2026/7/9,xxxk-xxxk、xxxk,,,,,,,,,,,,,,,,,,,,,
joborder,行業,ENUM,Gulle 選單選取,0.00%,FALSE,,248,248,2026/7/9,~,,,,,,,,,,,,,,,,,,,,,
joborder,職能,ENUM,Gulle 選單選取,0.00%,FALSE,,248,248,2026/7/9,~,,,,,,,,,,,,,,,,,,,,,
joborder,學歷,,,100.00%,FALSE,,0,248,2026/7/9,N,,,,,,,,,,,,,,,,,,,,,
joborder,首次開啟日期,TIME,yyyy-mm-dd hh:mm,0.00%,FALSE,,248,248,2026/7/9,yyyy-mm-dd hh:mm,,,,,,,,,,,,,,,,,,,,,
joborder,添加時間,TIME,yyyy-mm-dd hh:mm,0.00%,FALSE,,248,248,2026/7/9,yyyy-mm-dd hh:mm,,,,,,,,,,,,,,,,,,,,,
joborder,招聘周期,INT,職缺開啟的時間 (顧問手動更新),0.00%,FALSE,,248,248,2026/7/9,~,,,,,,,,,,,,,,,,,,,,,
joborder,ID,INT,,0.00%,FALSE,,248,248,2026/7/9,有ID欸！好欸！,,,,,,,,,,,,,,,,,,,,,
jobsubmission,附件,FKey,candidate.附件,0.00%,FALSE,,599,599,2026/7/9,,,,,,,,,,,,,,,,,,,,,,
jobsubmission,備註,FKey,candidate.備註,0.00%,FALSE,,599,599,2026/7/9,,,,,,,,,,,,,,,,,,,,,,
jobsubmission,職缺,FKey,joborder.職缺名稱,0.00%,FALSE,,599,599,2026/7/9,,,,,,,,,,,,,,,,,,,,,,
jobsubmission,姓名,FKey,candidate.姓名,0.00%,FALSE,,599,599,2026/7/9,,,,,,,,,,,,,,,,,,,,,,
jobsubmission,職缺流程 (改成我們術語 ii PS CI PF PO等),ENUM,,0.00%,FALSE,,599,599,2026/7/9,入職、業績分配、加入項目、客戶面試、簡歷推薦、Offer,,,,,,,,,,,,,,,,,,,,,
jobsubmission,用戶,User,,0.00%,FALSE,,599,599,2026/7/9,共8名,,,,,,,,,,,,,,,,,,,,,
jobsubmission,最近更新,TIME,yyyy-mm-dd hh:mm,0.00%,FALSE,,599,599,2026/7/9,yyyy-mm-dd hh:mm,,,,,,,,,,,,,,,,,,,,,
jobsubmission,候選人公司,FKey,candidate.公司,1.67%,FALSE,,589,599,2026/7/9,~,,,,,,,,,,,,,,,,,,,,,
jobsubmission,職位,FKey,candidate.值位,1.67%,FALSE,,589,599,2026/7/9,,,2,,,,,,,,,,,,,,,,,,,
jobsubmission,添加時間,TIME,yyyy-mm-dd hh:mm,0.00%,FALSE,,599,599,2026/7/9,yyyy-mm-dd hh:mm,,,,,,,,,,,,,,,,,,,,,
jobsubmission,電話,FKey,candidate.電話,48.25%,FALSE,,310,599,2026/7/9,兩筆異常，剩下純數值,971623856,0960-710-499、886-921065052,,,,,,,,,,,,,,,,,,,
jobsubmission,郵箱,FKey,candidate.郵箱,33.89%,FALSE,,396,599,2026/7/9,,,,,,,,,,,,,,,,,,,,,,
jobsubmission,性別,ENUM,候選人性別,37.90%,FALSE,,372,599,2026/7/9,女、男,,,,,,,,,,,,,,,,,,,,,
jobsubmission,年齡,INT,候選人年齡,48.91%,FALSE,,306,599,2026/7/9,人才年齡,,,,,,,,,,,,,,,,,,,,,
jobsubmission,所在城市,FKey,candidate.地區,32.55%,FALSE,,404,599,2026/7/9,"中；以 ',' 分隔",,,,,,,,,,,,,,,,,,,,,
jobsubmission,意向城市,FKey,candidate.意圖地區,64.27%,FALSE,,214,599,2026/7/9,"中；以 ',' 分隔",,,,,,,,,,,,,,,,,,,,,
jobsubmission,工作經驗,FKey,candidate.工作年限,0.00%,FALSE,,599,599,2026/7/9,d年、d年d月,,0年,,,,,,,,,,,,,,,,,,,
jobsubmission,行業,FKey,candidate.行業,51.75%,FALSE,,289,599,2026/7/9,~,,,,,,,,,,,,,,,,,,,,,
jobsubmission,職能,FKey,candidate.職能,52.25%,FALSE,,286,599,2026/7/9,~,,,,,,,,,,,,,,,,,,,,,
jobsubmission,年薪,FKey,candidate,97.83%,FALSE,,13,599,2026/7/9,尾數皆 .0 可轉 INT,,10000.0 <- 這年薪感覺像美金,,,,,,,,,,,,,,,,,,,
jobsubmission,學校,FKey,candidate.學校,5.84%,FALSE,,564,599,2026/7/9,,,,,,,,,,,,,,,,,,,,,,
jobsubmission,人才學歷,FKey,candidate.學歷 (值不同步),10.35%,FALSE,,537,599,2026/7/9,,,2、1996、2-year Diploma,,,,,,,,,,,,,,,,,,,
jobsubmission,人才專業,FKey,candidate.專業,12.85%,FALSE,,522,599,2026/7/9,XXX學、XXX學系，有各式簡寫等不一致,,企管系 (大二)、企管所,,,,,,,,,,,,,,,,,,,
jobsubmission,狀態,ENUM,人才的求職狀態,60.77%,FALSE,,235,599,2026/7/9,成功Offer、考慮機會、現狀穩定、積極求職,,,,,,,,,,,,,,,,,,,,,
jobsubmission,標簽,,,100.00%,FALSE,,0,599,2026/7/9,N,,,,,,,,,,,,,,,,,,,,,
jobsubmission,擁有者,FKey,candidate.擁有者,0.00%,FALSE,,599,599,2026/7/9,,,,,,,,,,,,,,,,,,,,,,
jobsubmission,招募網站,ENUM,知名求職網站 104/LinkedIn 等,0.00%,FALSE,,599,599,2026/7/9,104、LinkedIn、Referrals、獵聘、Cold Call、其他,,,,,,,,,,,,,,,,,,,,,
jobsubmission,人才智慧行業,ENUM,?!,0.00%,FALSE,,599,599,2026/7/9,可被 ENUM 化，無多值,,,,,,,,,,,,,,,,,,,,,
jobsubmission,人才智慧職能,~,?!,97.83%,FALSE,,13,599,2026/7/9,~,~,0、0.0、銷售/市場,,,,,,,,,,,,,,,,,,,
jobsubmission,客戶,FKey,joborder.客戶,0.00%,FALSE,,599,599,2026/7/9,,,,,,,,,,,,,,,,,,,,,,